<?xml version="1.0"?>
<learningObject editorVersion="3" targetFolder="Nottingham" name="Introduction into the use of Xerte" language="en-GB" navigation="Linear" textSize="12" theme="futureteacher" displayMode="fill window" responsive="true" trackingMode="full" trackingPassed="90%" trackingPageTimeout="0" forceTrackingMode="false" category="Education"><title linkID="PG1592645107353" name="Introduction" size="30" trackinglabel="Introduction" grouping="Inleiding"><![CDATA[<p>This is just a simple Xerte course to demonstrate the use of xAPI and LTI.</p>
]]></title><mcq linkID="PG1592645038865" name="Getting started" instruction="&lt;p&gt;This is a simple question to get you started.&lt;/p&gt;&#10;" prompt="&lt;p&gt;What is the name of the tool with which this learning object has been created?&lt;/p&gt;&#10;" type="Single Answer" align="Left" panelWidth="Medium" feedbackLabel="Feedback" singleRight="Your answer is correct!" singleWrong="Your answer is incorrect" multiRight="You have selected all the correct answers" multiWrong="You have not selected the correct combination of answers" checkBtnTxt="Check" trackinglabel="Getting started question" grouping="Zelftest"><option linkID="PG1592645152910" name="Xorte" text="&lt;p&gt;Xorte&lt;/p&gt;&#10;" feedback="&lt;p&gt;No, but close.&lt;/p&gt;&#10;" correct="false"/><option linkID="PG1592645174649" name="Xerte" text="&lt;p&gt;Xerte&lt;/p&gt;&#10;" feedback="&lt;p&gt;That is correct!&lt;/p&gt;&#10;" correct="true"/><option linkID="PG1592645190464" name="Xerte Online Toolkits" text="&lt;p&gt;Xerte Online Toolkits&lt;/p&gt;&#10;" feedback="&lt;p&gt;Yes, that is its full name.&lt;/p&gt;&#10;" correct="true"/><option linkID="PG1592645217584" name="XinG" text="&lt;p&gt;XinG&lt;/p&gt;&#10;" feedback="&lt;p&gt;No, what gave you that idea?&lt;/p&gt;&#10;" correct="false"/></mcq><youtube linkID="PG1592646165933" name="A video about Xerte" text="&lt;p&gt;Please watch this introduction video about Xerte.&lt;/p&gt;&#10;" trackinglabel="Introduction video Xerte" grouping="Leerinhoud (video)"><![CDATA[<iframe width="560" height="315" src="https://www.youtube.com/embed/VxwGC3PDGtk" frameborder="0" allow="accelerometer; autoplay; encrypted-media; gyroscope; picture-in-picture" allowfullscreen></iframe>]]></youtube><bullets linkID="PG1592674858110" name="Advantages of Xerte" delaySecs="1" showPanel="0" showBullets="1" panelWidth="Full" trackinglabel="Voordelen van Xerte (opsomming)" grouping="Leerinhoud"><![CDATA[<p>Free to use</p>

<p>Server&nbsp;installable (also in Docker)</p>

<p>Multi language (English, Dutch, ...)</p>

<p>Support for xAPI and LTI</p>
]]></bullets><dragDropLabel linkID="PG1592820046155" name="Do you know the Xerte interface?" text="&lt;p&gt;Place the labels in the correct location.&lt;/p&gt;&#10;" imgWidth="Medium" url="FileLocation + 'media/Xerte_interface.PNG'" interactivity="Describe" submitText="Submit" tip="Xerte Interface" align="Left" showHighlight="true" highlightColour="0xFFFF00" tryAgainTxt="Try again" trackinglabel="Xerte interface question" grouping="Leerinhoud - interactie"><hotspot linkID="PG1592820513016" name="Overview of elements" text="&lt;p&gt;Overview of the elements of a learning object.&lt;/p&gt;&#10;" x="21.870535714286" y="202.40156734811" w="265.10970262966" h="265.10970262966"/><hotspot linkID="PG1592820687437" name="Optional Properties" text="&lt;p&gt;Optional Properties of elements.&lt;/p&gt;&#10;" x="1027.319324988" y="211.90398835037" w="508.49046055001" h="508.49046055001"/></dragDropLabel><opinion linkID="PG1592687423622" name="Evaluation" order="sequence" numQuestions="*" align="left" panelWidth="Medium" instructions="&lt;p&gt;Tell us what you think about this course:&lt;/p&gt;&#10;" showfeedback="false" feedback="Provide feedback here" quesCount="Question {i} of {n}" onCompletion="You have completed the questionnaire" score="You answered {i} / {n}" submitBtnText="Submit" trackinglabel="Evaluation" grouping="Evaluatie"><opinionClass linkID="PG1592687497624" name="" title="Evaluation"><opinionQuestion linkID="PG1592687540177" name="Evaluation: Total Score" title="Title to use in graph" prompt="&lt;p&gt;What grade would you give the course?&lt;/p&gt;&#10;" scale="false" type="Single Answer" classWeight="1" interactivity="slider"><opinionOption linkID="PG1592688041348" name="1" text="&lt;p&gt;1 (Slecht)&lt;/p&gt;&#10;"/><opinionOption linkID="PG1592688052683" name="2" text="&lt;p&gt;2&lt;/p&gt;&#10;"/><opinionOption linkID="PG1592688089201" name="3" text="&lt;p&gt;3&lt;/p&gt;&#10;"/><opinionOption linkID="PG1592688106961" name="4" text="&lt;p&gt;4&lt;/p&gt;&#10;"/><opinionOption linkID="PG1592688128446" name="5" text="&lt;p&gt;&amp;nbsp;5 (Goed)&lt;/p&gt;&#10;"/></opinionQuestion><opinionQuestion linkID="PG1592688301846" name="Evaluation: Grade trainer" title="Title to use in graph" prompt="&lt;p&gt;What grade would you give the trainer?&lt;/p&gt;&#10;" scale="false" type="Single Answer" classWeight="1" interactivity="slider"><opinionOption linkID="PG1592688338184" name="1" text="&lt;p&gt;1 (Slecht)&lt;/p&gt;&#10;"/><opinionOption linkID="PG1592688341118" name="2" text="&lt;p&gt;2&lt;/p&gt;&#10;"/><opinionOption linkID="PG1592688343078" name="3" text="&lt;p&gt;3&lt;/p&gt;&#10;"/><opinionOption linkID="PG1592688344804" name="4" text="&lt;p&gt;4&lt;/p&gt;&#10;"/><opinionOption linkID="PG1592688346478" name="5" text="&lt;p&gt;&amp;nbsp;5 (Goed)&lt;/p&gt;&#10;"/><opinionOption linkID="PG1592688348196" name="0" text="&lt;p&gt;Niet van toepassing&lt;/p&gt;&#10;"/></opinionQuestion></opinionClass></opinion><results linkID="PG1593958549008" name="Results Page" resultmode="full-results" generalResultsTxt="General Results" givenameTxt="Your name" averageTxt="Average" completionTxt="Completion" startTimeTxt="Start Time" durationTxt="Duration" interactivityResultsTxt="Interactivity Results" globalResultsTxt="Global Results" nameTxt="Name" scoreTxt="Score" weightingTxt="Weighting" completedTxt="Completed" detailsTxt="Details" specificResultsTxt="Specific Results" yourAnswerTxt="Your answer" correctAnswerTxt="Correct answer" downloadPdfTxt="Download PDF File" correctTooltip="Correct" inCorrectTooltip="Incorrect" completeTooltip="Complete" inCompleteTooltip="Incomplete" NACompleteTooltip="Not applicable" detailsTooltip="Details available" noDetailsTooltip="No details available" userNameDialogTitle="Enter Full Name" userNamePrompt="Your name: " okButtonTxt="Ok" trackinglabel="Results Page" grouping="Evaluatie" fullcompletion="true" unmarkForCompletion="true" showweightingzero="true"/></learningObject>
